-- ============================================================
--  TechBox - Datos de la base de datos
--  Ejecutar DESPUÉS de structure.sql
--  Ejecutar en MySQL Workbench con Ctrl+Shift+Enter
-- ============================================================

USE techbox;

-- ============================================================
--  DATOS
-- ============================================================

-- Marcas
INSERT INTO brands (id, name) VALUES
    (1, 'ASUS'),
    (2, 'AMD'),
    (3, 'Intel'),
    (4, 'NVIDIA'),
    (5, 'Logitech'),
    (6, 'Corsair'),
    (7, 'Hyte'),
    (8, 'Steelseries'),
    (9, 'Redragon'),
    (10, 'Razer'),
    (11, 'Samsung');

-- Categorías (padres primero para respetar FK)
INSERT INTO categories (id, name, slug, parent_id) VALUES
    (1,  'Procesador',              'procesador',                NULL),
    (4,  'Placa de video',          'placa-de-video',            NULL),
    (8,  'Memoria RAM',             'memoria-ram',               NULL),
    (11, 'Almacenamiento',          'almacenamiento',            NULL),
    (15, 'Motherboard',             'motherboard',               NULL),
    (19, 'Refrigeración',           'refrigeracion',             NULL),
    (23, 'Fuente de alimentacion',  'fuente-de-alimentacion',    NULL),
    (25, 'Gabinete',                'gabinete',                  NULL),
    (28, 'Silla gamer',             'silla-gamer',               NULL),
    (30, 'Periférico',              'periferico',                NULL),
    (41, 'Monitor',                 'monitor',                   NULL),
    (43, 'Notebook',                'notebook',                  NULL),
    (2,  'Procesador AMD',          'procesador-amd',            1),
    (3,  'Procesador Intel',        'procesador-intel',          1),
    (5,  'Placa de video GeForce',  'placa-de-video-geforce',    4),
    (6,  'Placa de video Radeon AMD','placa-de-video-radeon-amd',4),
    (7,  'Placa de video Intel ARC','placa-de-video-intel-arc',  4),
    (9,  'Memoria',                 'memoria',                   8),
    (10, 'Memoria Notebook',        'memoria-notebook',          8),
    (12, 'Disco Externo',           'disco-externo',             11),
    (13, 'Disco Rígido',            'disco-rigido',              11),
    (14, 'Disco Solido SSD',        'disco-solido-ssd',          11),
    (16, 'Motherboard AMD',         'motherboard-amd',           15),
    (17, 'Motherboard Intel',       'motherboard-intel',         15),
    (18, 'Motherboard ASUS',        'motherboard-asus',          15),
    (20, 'Cooler Fan',              'cooler-fan',                19),
    (21, 'Cooler CPU',              'cooler-CPU',                19),
    (22, 'Pasta Térmica',           'pasta-termica',             19),
    (24, 'Fuente de alimentacion',  'fuente-de-alimentacion-sub',23),
    (26, 'Gabinete',                'gabinete-sub',              25),
    (27, 'Cable, iluminación y otro','Cable-iluminacion-otro',   25),
    (29, 'Silla gamer',             'silla-gamer-sub',           28),
    (31, 'Auricular',               'auricular',                 30),
    (32, 'Teclado',                 'teclado',                   30),
    (33, 'Mouse',                   'mouse',                     30),
    (34, 'Webcam',                  'webcam',                    30),
    (35, 'Joystick',                'joystick',                  30),
    (36, 'Mouse Pad',               'mouse-pad',                 30),
    (37, 'Parlante',                'parlante',                  30),
    (38, 'Microfono',               'microfono',                 30),
    (39, 'Volante',                 'volante',                   30),
    (40, 'Steam Deck',              'steam-deck',                30),
    (42, 'Monitor y Pantalla',      'monitor-y-pantalla',        41),
    (44, 'Notebook',                'notebook-sub',              43);

-- Tags
INSERT INTO tags (id, name) VALUES
    (1,  'gaming'),
    (2,  'rtx'),
    (3,  'rgb'),
    (4,  'wireless'),
    (5,  'usb'),
    (6,  'streaming'),
    (7,  'mecanico'),
    (8,  'sonido envolvente'),
    (9,  'xl'),
    (10, 'precision'),
    (11, '4k'),
    (12, 'ultrawide'),
    (13, 'alta'),
    (14, 'entrada'),
    (15, 'am4'),
    (16, 'oficina'),
    (17, 'economico'),
    (18, 'portatil'),
    (19, 'premium'),
    (20, 'rendimiento'),
    (21, 'ddr5');

-- Specs
INSERT INTO specs (id, name) VALUES
    (1,  'architecture'),
    (2,  'chipset'),
    (3,  'connection'),
    (4,  'cpu'),
    (5,  'dimensions_mm'),
    (6,  'dpi'),
    (7,  'form_factor'),
    (8,  'frequency_response'),
    (9,  'layout'),
    (10, 'material'),
    (11, 'max_weight_kg'),
    (12, 'mechanical'),
    (13, 'memory_type'),
    (14, 'microphone'),
    (15, 'panel'),
    (16, 'polar_pattern'),
    (17, 'ram_gb'),
    (18, 'ram_type'),
    (19, 'recline_deg'),
    (20, 'recommended_psu_w'),
    (21, 'refresh_rate_hz'),
    (22, 'resolucion'),
    (23, 'rgb'),
    (24, 'sensor'),
    (25, 'size'),
    (26, 'size_inches'),
    (27, 'socket'),
    (28, 'sound'),
    (29, 'storage_gb'),
    (30, 'storage_type'),
    (31, 'surface'),
    (32, 'switch'),
    (33, 'type'),
    (34, 'vram_gb'),
    (35, 'weight_g'),
    (36, 'cores'),
    (37, 'frequency_ghz'),
    (38, 'frequency_mhz'),
    (39, 'latency'),
    (40, 'rpm'),
    (41, 'cache_mb'),
    (42, 'read_speed_mbps'),
    (43, 'write_speed_mbps'),
    (44, 'size_mm'),
    (45, 'tdp_w'),
    (46, 'conductivity_w'),
    (47, 'coverage_cm2'),
    (48, 'wattage_w'),
    (49, 'efficiency'),
    (50, 'modular'),
    (51, 'fps'),
    (52, 'vibration'),
    (53, 'compatible_platform'),
    (54, 'rotation_deg');

-- Labels de specs
INSERT INTO specs_labels (spec_id, label) VALUES
    (1,  'Arquitectura'),
    (2,  'Chipset'),
    (3,  'Conexión'),
    (4,  'Procesador'),
    (5,  'Dimensiones (mm)'),
    (6,  'DPI máximo'),
    (7,  'Formato'),
    (8,  'Respuesta de frecuencia'),
    (9,  'Formato'),
    (10, 'Material'),
    (11, 'Peso máximo (kg)'),
    (12, 'Mecánico'),
    (13, 'Tipo de memoria'),
    (14, 'Micrófono'),
    (15, 'Panel'),
    (16, 'Patrón polar'),
    (17, 'RAM (GB)'),
    (18, 'Tipo de RAM'),
    (19, 'Reclinación (°)'),
    (20, 'Fuente recomendada (W)'),
    (21, 'Frecuencia de actualización (Hz)'),
    (22, 'Resolución'),
    (23, 'Iluminación RGB'),
    (24, 'Sensor'),
    (25, 'Tamaño'),
    (26, 'Tamaño (pulgadas)'),
    (27, 'Socket'),
    (28, 'Sonido'),
    (29, 'Almacenamiento (GB)'),
    (30, 'Tipo de almacenamiento'),
    (31, 'Superficie'),
    (32, 'Switch'),
    (33, 'Tipo'),
    (34, 'VRAM (GB)'),
    (35, 'Peso (g)'),
    (36, 'Núcleos'),
    (37, 'Frecuencia base (GHz)'),
    (38, 'Frecuencia (MHz)'),
    (39, 'Latencia'),
    (40, 'RPM'),
    (41, 'Caché (MB)'),
    (42, 'Velocidad de lectura (MB/s)'),
    (43, 'Velocidad de escritura (MB/s)'),
    (44, 'Tamaño (mm)'),
    (45, 'TDP (W)'),
    (46, 'Conductividad térmica (W/m·K)'),
    (47, 'Cobertura (cm²)'),
    (48, 'Potencia (W)'),
    (49, 'Certificación de eficiencia'),
    (50, 'Modular'),
    (51, 'FPS'),
    (52, 'Vibración'),
    (53, 'Plataforma compatible'),
    (54, 'Rotación (°)');

-- Productos
INSERT INTO products (id, name, brand_id, model, price, old_price, release_date, img, tier, state, featured, on_sale) VALUES
    (1,  'Logitech G703 Wireless HERO RGB',              5,  'G703',            90000,    95000,  '2019-05-01', '/images/products/g703.jpg',                   'alta',    1, 1, 1),
    (2,  'Microfono SteelSeries USB-C RGB',              8,  'Microfono Steelseries', 295950, 311525, '2023-09-15', '/images/products/steelseries-usb-c.jpg', 'alta',    1, 1, 1),
    (3,  'Teclado Redragon Mitra K551 RGB',              9,  'K551',            60000,    63150,  '2018-03-10', '/images/products/redragon-k551.jpg',          'media',   1, 1, 1),
    (4,  'Auriculares Redragon Lamia H320 7.1',          9,  'H320',            68000,    71150,  '2020-07-20', '/images/products/redragon-h320.jpg',          'media',   1, 1, 1),
    (5,  'Mouse Pad Corsair MM350 PRO XL',               6,  'MM350 PRO',       56600,    59580,  '2021-02-15', '/images/products/corsair-mm350.jpg',          'media',   1, 1, 1),
    (6,  'Mouse Redragon Griffin',                       9,  'Griffin',         20100,    21150,  '2019-11-05', '/images/products/redragon-griffin.jpg',       'entrada', 1, 1, 1),
    (7,  'RX 9070 XT 16GB',                              2,  'RX 9070 XT',      1199750,  NULL,   '2025-01-10', '/images/products/rx-9070-xt.jpg',             'alta',    1, 0, 0),
    (8,  'ASUS Vivobook Go 15',                          1,  'Vivobook Go 15',  706900,   NULL,   '2024-06-01', '/images/products/asus-vivobook-15.jpg',       'entrada', 1, 0, 0),
    (9,  'Razer Iskur',                                  10, 'Iskur',           484650,   NULL,   '2025-01-15', '/images/products/razer-iskur.jpg',            'alta',    1, 0, 0),
    (10, 'Samsung Odyssey G9',                           11, 'G9',              1764900,  NULL,   '2024-08-01', '/images/products/samsung-odyssey-g9.jpg',     'alta',    1, 0, 0),
    (11, 'ASUS Vivobook 15',                             1,  'Vivobook 15',     962400,   NULL,   '2024-02-10', '/images/products/asus-vivobook-15.jpg',       'media',   1, 0, 0),
    (12, 'ASUS PRIME A520M-K',                           1,  'A520M-K',         86750,    NULL,   '2020-08-18', '/images/products/asus-prime-a520m-k.jpg',     'entrada', 1, 0, 0),
    (13, 'ASUS Vivobook Go 15 DDR5',                     1,  'Vivobook Go 15',  719450,   NULL,   '2024-05-20', '/images/products/asus-vivobook-15.jpg',       'entrada', 1, 0, 0),
    (14, 'ASUS VY229HF-J',                               1,  'VY229HF-J',       149450,   NULL,   '2023-03-12', '/images/products/asus-vy229hf-j.jpg',        'entrada', 1, 0, 0),
    (15, 'ASUS VY229HF-J (Alt)',                         1,  'VY229HF-J',       168550,   NULL,   '2023-03-12', '/images/products/asus-vy229hf-j-alt.jpg',    'entrada', 1, 0, 0),
    (16, 'ASUS Dual GeForce RTX 5060 OC',                1,  'RTX 5060',        687950,   NULL,   '2025-02-20', '/images/products/asus-dual-rtx-5060.jpg',     'media',   1, 0, 0),
    (17, 'Procesador AMD Ryzen 5 7600',                  2,  'Ryzen 5 7600',    343000,   380000, '2023-01-10', '/images/products/5-7600.jpg',                 'entrada', 1, 0, 1),
    (18, 'Procesador AMD Ryzen 7 7700X',                 2,  'Ryzen 7 7700X',   567000,   630000, '2022-09-27', '/images/products/7-7700x.jpg',                'media',   1, 1, 1),
    (19, 'Procesador AMD Ryzen 9 5900XT',                2,  'Ryzen 9 5900XT',  556000,   618000, '2024-07-15', '/images/products/9-5900xt.jpg',               'alta',    1, 0, 1),
    (20, 'Procesador AMD Ryzen 7 7800X3D',               2,  'Ryzen 7 7800X3D', 660000,   733000, '2023-04-06', '/images/products/7-7800x3d.jpg',              'alta',    1, 1, 1),
    (21, 'Procesador AMD Ryzen 5 9600X',                 2,  'Ryzen 5 9600X',   383000,   425000, '2024-08-08', '/images/products/5-9600x.jpg',                'entrada', 1, 0, 1),
    (22, 'Procesador Intel Core i7 12700KF',             3,  'i7 12700KF',      462000,   513000, '2021-11-04', '/images/products/i7-12700kf.jpg',             'alta',    1, 1, 1),
    (23, 'Procesador Intel Core i5 12400F',              3,  'i5 12400F',       248000,   276000, '2022-01-04', '/images/products/i5-12400f.jpg',              'entrada', 1, 0, 1),
    (24, 'Procesador Intel Core i5 12600KF',             3,  'i5 12600KF',      302000,   335000, '2021-11-04', '/images/products/i5-12600kf.jpg',             'media',   1, 0, 1),
    (25, 'Procesador Intel Core i9 12900KF',             3,  'i9 12900KF',      643000,   715000, '2021-11-04', '/images/products/i9-12900kf.jpg',             'alta',    1, 1, 1),
    (26, 'Procesador Intel Core i9 14900F',              3,  'i9 14900F',       1035000,  1150000,'2023-10-17', '/images/products/i9-14900f.jpg',              'alta',    1, 1, 1),
    (27, 'Volante Logitech G29 Driving Force',           5,  'G29',             474000,   526500, '2015-06-01', '/images/products/volante-g29.jpg',            'media',   1, 0, 1),
    (28, 'Webcam Logitech Brio 500 White',               5,  'Brio 500',        178500,   198000, '2022-09-20', '/images/products/webcam-brio-500-white.jpg',        'media',   1, 1, 1),
    (29, 'Volante Logitech G920 Driving Force',          5,  'G920',            471500,   524000, '2015-10-01', '/images/products/volante-g920.jpg',           'media',   1, 0, 1),
    (30, 'Auriculares Logitech PRO X 2',                 5,  'PRO X 2',         506500,   563000, '2023-05-24', '/images/products/auriculares-prox2.jpg',      'alta',    1, 1, 1),
    (31, 'Mouse Logitech G305',                          5,  'G305',            46500,    52000,  '2018-05-01', '/images/products/logitech-g305.jpg',          'entrada', 1, 0, 1),
    (32, 'Teclado OptoMecánico Corsair K65',             6,  'K65',             153000,   170000, '2021-03-15', '/images/products/corsair-k65.jpg',            'media',   1, 1, 1),
    (33, 'Gabinete Corsair iCUE 7000X',                  6,  '7000X',           500500,   556000, '2021-09-30', '/images/products/icue-7000x.jpg',             'alta',    1, 1, 1),
    (34, 'Mouse Corsair M55 Nightsword PRO',             6,  'M55 PRO',         120500,   134000, '2020-08-10', '/images/products/m55-pro.jpg',                'media',   1, 0, 1),
    (35, 'Memoria Corsair DDR4 16GB 3200MHz Vengeance',  6,  'Vengeance',       253800,   282000, '2014-09-01', '/images/products/ddr4-vengeance.jpg',         'alta',    1, 1, 1),
    (36, 'Gabinete Corsair 2500D TG',                    6,  '2500D',           195000,   216800, '2023-02-15', '/images/products/2500d-tg.jpg',               'media',   1, 0, 1),
    (37, 'Gabinete HYTE Y70 Touch Infinite',             7,  'Y70',             622750,   692000, '2023-11-10', '/images/products/y70-touch-infinite.jpg',     'alta',    1, 1, 1),
    (38, 'Gabinete HYTE Y70 Panda',                      7,  'Y70 Panda',       621250,   690250, '2023-11-10', '/images/products/y70-touch-infinite-panda.jpg','alta',   1, 1, 1),
    (39, 'Gabinete HYTE Y40 Pitch Black',                7,  'Y40',             206750,   230000, '2022-06-20', '/images/products/y40-pitch-black.jpg',        'media',   1, 0, 1),
    (40, 'USB Hub HYTE 4x USB',                          7,  'USB Hub',         36000,    40000,  '2022-03-01', '/images/products/usb-hub-4x.jpg',             'entrada', 1, 0, 1),
    (41, 'Gabinete HYTE Y60 Black Red',                  7,  'Y60',             261500,   290500, '2022-01-15', '/images/products/y60-black-red.jpg',          'media',   1, 0, 1),
    (42, 'Teclado SteelSeries Apex 3 Black',             8,  'Apex 3',          73400,    81500,  '2020-05-15', '/images/products/apex-3-black.jpg',           'entrada', 1, 1, 1),
    (43, 'Mouse Pad SteelSeries QcK XL',                 8,  'QcK',             62850,    70000,  '2019-02-01', '/images/products/steelseries-qck.jpg',        'media',   1, 0, 1),
    (44, 'Auriculares SteelSeries Arctis Nova 3P',       8,  'Arctis Nova 3P',  223000,   248000, '2022-08-23', '/images/products/arctis-nova-3p.jpg',         'media',   1, 1, 1),
    (45, 'Mouse SteelSeries Aerox 9',                    8,  'Aerox 9',         204200,   226900, '2022-01-18', '/images/products/aerox-9.jpg',                'alta',    1, 1, 1),
    (46, 'Teclado SteelSeries Apex 3 TKL',               8,  'Apex 3 TKL',      63650,    70700,  '2020-06-01', '/images/products/apex-3-tkl.jpg',             'entrada', 1, 0, 1),
    (47, 'Mouse Pad Redragon Kunlun Large',               9,  'P006',            28600,    31750,  '2019-03-10', '/images/products/kunlun-l-p006.jpg',          'entrada', 1, 0, 1),
    (48, 'Joystick Redragon Juno G818',                  9,  'G818',            49000,    54450,  '2021-07-05', '/images/products/juno-g818.jpg',              'entrada', 1, 0, 1),
    (49, 'Silla Gamer Razer ISKUR V2',                   10, 'ISKUR V2',        570950,   634400, '2024-01-10', '/images/products/iskur-v2.jpg',               'alta',    1, 1, 1),
    (50, 'Joystick Razer Wolverine V3 Tournament Edition',10, 'Wolverine V3',   182100,   202000, '2023-09-01', '/images/products/wolverine-v3.jpg',           'alta',    1, 0, 1),
    (51, 'Auriculares Razer BlackShark V3 Pro',          10, 'BlackShark V3 Pro',471950,  524400, '2024-02-20', '/images/products/blackshark-v3.jpg',          'alta',    1, 1, 1),
    (52, 'Auriculares Razer BlackShark V2 X',            10, 'BlackShark V2 X', 84400,    93750,  '2020-07-21', '/images/products/blackshark-v2.jpg',          'entrada', 1, 0, 1),
    (53, 'Cargador Samsung 45W',                         11, '45W',             44700,    50000,  '2020-08-05', '/images/products/samsung-45w.jpg',            'entrada', 1, 0, 1),
    (54, 'Monitor Gamer Samsung Odyssey G3',             11, 'Odyssey G3',      324600,   360500, '2021-04-15', '/images/products/odyssey-g3.jpg',             'media',   1, 1, 1),
    (55, 'SSD M.2 Samsung 1TB',                          11, 'SSD 1TB',         508250,   564700, '2022-06-01', '/images/products/ssd-m2-1tb.jpg',             'media',   1, 1, 1),
    (56, 'Notebook Samsung Book 4',                      11, 'Book 4',          1469500,  1632500,'2024-01-05', '/images/products/book-4.jpg',                 'media',   1, 0, 1);

-- Categorías de productos
INSERT INTO product_categories (product_id, category_id) VALUES
    (1,  30), (1,  33),
    (2,  30), (2,  38),
    (3,  30), (3,  32),
    (4,  30), (4,  31),
    (5,  30), (5,  36),
    (6,  30), (6,  33),
    (7,  4),  (7,  6),
    (8,  43), (8,  44),
    (9,  28), (9,  29),
    (10, 41), (10, 42),
    (11, 43), (11, 44),
    (12, 15), (12, 18),
    (13, 43), (13, 44),
    (14, 41), (14, 42),
    (15, 41), (15, 42),
    (16, 4),  (16, 5),
    (17, 1),  (17, 2),
    (18, 1),  (18, 2),
    (19, 1),  (19, 2),
    (20, 1),  (20, 2),
    (21, 1),  (21, 2),
    (22, 1),  (22, 3),
    (23, 1),  (23, 3),
    (24, 1),  (24, 3),
    (25, 1),  (25, 3),
    (26, 1),  (26, 3),
    (27, 30), (27, 39),
    (28, 30), (28, 34),
    (29, 30), (29, 39),
    (30, 30), (30, 31),
    (31, 30), (31, 33),
    (32, 30), (32, 32),
    (33, 25), (33, 26),
    (34, 30), (34, 33),
    (35, 8),  (35, 9),
    (36, 25), (36, 26),
    (37, 25), (37, 26),
    (38, 25), (38, 26),
    (39, 25), (39, 26),
    (40, 30), (40, 27),
    (41, 25), (41, 26),
    (42, 30), (42, 32),
    (43, 30), (43, 36),
    (44, 30), (44, 31),
    (45, 30), (45, 33),
    (46, 30), (46, 32),
    (47, 30), (47, 36),
    (48, 30), (48, 35),
    (49, 28), (49, 29),
    (50, 30), (50, 35),
    (51, 30), (51, 31),
    (52, 30), (52, 31),
    (53, 30), (53, 27),
    (54, 41), (54, 42),
    (55, 11), (55, 14),
    (56, 43), (56, 44);

-- Tags de productos
INSERT INTO product_tags (product_id, tag_id) VALUES
    (1,  1),  (1,  4),  (1,  3),
    (2,  6),  (2,  3),  (2,  5),
    (3,  1),  (3,  3),  (3,  7),
    (4,  1),  (4,  3),  (4,  8),
    (5,  1),  (5,  9),  (5,  10),
    (6,  1),  (6,  3),  (6,  17),
    (7,  1),  (7,  13), (7,  11),
    (8,  16), (8,  18),
    (9,  1),  (9,  19),
    (10, 1),  (10, 12),
    (11, 16), (11, 20),
    (12, 14), (12, 15),
    (13, 16), (13, 21),
    (14, 1),  (14, 17),
    (15, 1),
    (16, 1),  (16, 2),
    (17, 14), (17, 17), (17, 16), (17, 20),
    (18, 1),  (18, 20), (18, 13),
    (19, 6),  (19, 19), (19, 20), (19, 15),
    (20, 1),  (20, 19), (20, 20),
    (21, 14), (21, 16), (21, 20), (21, 21),
    (22, 1),  (22, 20), (22, 19),
    (23, 17), (23, 16), (23, 14),
    (24, 1),  (24, 20),
    (25, 19), (25, 20), (25, 13),
    (26, 19), (26, 1),  (26, 20),
    (27, 1),  (27, 5),
    (28, 6),  (28, 5),
    (29, 1),  (29, 5),
    (30, 1),  (30, 4),  (30, 8),  (30, 19),
    (31, 1),  (31, 4),  (31, 17), (31, 10),
    (32, 1),  (32, 7),  (32, 3),
    (33, 19), (33, 3),
    (34, 1),  (34, 10),
    (35, 1),  (35, 13), (35, 19),
    (36, 1),
    (37, 19), (37, 3),
    (38, 19),
    (39, 1),
    (40, 5),
    (41, 1),
    (42, 1),  (42, 3),
    (43, 9),  (43, 10),
    (44, 1),  (44, 4),  (44, 8),
    (45, 1),  (45, 4),  (45, 10),
    (46, 1),
    (47, 9),  (47, 17),
    (48, 1),  (48, 4),
    (49, 1),  (49, 19),
    (50, 1),  (50, 10),
    (51, 1),  (51, 4),  (51, 19), (51, 8),
    (52, 1),  (52, 17), (52, 8),
    (53, 5),  (53, 18),
    (54, 1),
    (55, 20),
    (56, 18), (56, 16);

-- Specs de productos
INSERT INTO product_specs (product_id, spec_id, value) VALUES
    (1,  6,  '16000'),    (1,  35, '107'),      (1,  3,  'wireless'),          (1,  24, 'hero'),
    (2,  16, 'cardioide'),(2,  33, 'condensador'),(2, 3,  'usb-c'),            (2,  8,  '20hz-20khz'),
    (3,  32, 'red'),      (3,  9,  'full'),       (3, 3,  'usb'),              (3,  12, 'true'),
    (4,  14, 'true'),     (4,  28, '7.1 surround'),(4,3,  'wired'),            (4,  23, 'true'),
    (5,  25, 'xl'),       (5,  5,  '930x400'),    (5, 10, 'tela'),             (5,  31, 'speed'),
    (6,  6,  '7200'),     (6,  35, '151'),         (6, 3,  'wired'),           (6,  24, 'optico'),
    (7,  34, '16'),       (7,  13, 'GDDR6'),       (7, 1,  'RDNA'),            (7,  20, '750'),
    (8,  4,  'ryzen 5 7520U'), (8, 17, '8'),       (8, 29, '512'),             (8,  30, 'ssd'),
    (9,  10, 'tela'),     (9,  11, '136'),          (9, 19, '180'),
    (10, 26, '49'),       (10, 22, '5120x1440'),   (10, 21, '144'),            (10, 15, 'VA'),
    (11, 4,  'ryzen 7 7825U'),(11,17, '16'),       (11, 29, '512'),            (11, 30, 'ssd'),
    (12, 27, 'AM4'),      (12, 2,  'A520'),         (12, 7,  'm-atx'),         (12, 18, 'DDR4'),
    (13, 4,  'ryzen 5 7520U'),(13,17, '8'),         (13, 18, 'DDR5'),          (13, 29, '512'),
    (14, 26, '22'),       (14, 22, '1920x1080'),    (14, 21, '100'),           (14, 15, 'IPS'),
    (15, 26, '22'),       (15, 22, '1920x1080'),    (15, 21, '100'),           (15, 15, 'IPS'),
    (16, 34, '8'),        (16, 13, 'GDDR7'),        (16, 1,  'RTX'),           (16, 20, '550'),
    (17, 1,  'Zen 4'),    (17, 27, 'AM5'),           (17, 36, '6'),            (17, 38, '3800'),
    (18, 1,  'Zen 4'),    (18, 27, 'AM5'),           (18, 36, '8'),            (18, 38, '4500'),
    (19, 1,  'Zen 3'),    (19, 27, 'AM4'),           (19, 36, '16'),           (19, 38, '3300'),
    (20, 1,  'Zen 4'),    (20, 27, 'AM5'),           (20, 36, '8'),            (20, 38, '4200'),
    (21, 1,  'Zen 5'),    (21, 27, 'AM5'),           (21, 36, '6'),            (21, 38, '3900'),
    (22, 1,  'Alder Lake'),(22,27, 'LGA 1700'),      (22, 36, '12'),           (22, 38, '2700'),
    (23, 1,  'Alder Lake'),(23,27, 'LGA 1700'),      (23, 36, '6'),            (23, 38, '2500'),
    (24, 1,  'Alder Lake'),(24,27, 'LGA 1700'),      (24, 36, '10'),           (24, 38, '2800'),
    (25, 1,  'Alder Lake'),(25,27, 'LGA 1700'),      (25, 36, '16'),           (25, 38, '2400'),
    (26, 1,  'Raptor Lake Refresh'),(26,27,'LGA 1700'),(26,36, '24'),          (26, 38, '4300'),
    (27, 3,  'USB A'),    (27, 52, 'true'),           (27, 53, 'PC / PlayStation'),(27,54,'900'),
    (28, 3,  'USB C'),    (28, 14, 'true'),           (28, 22, '1280x720'),     (28, 51, '60'),
    (29, 3,  'USB A'),    (29, 52, 'true'),           (29, 53, 'PC / Xbox'),    (29, 54, '900'),
    (30, 3,  'wireless'), (30, 14, 'true'),           (30, 23, 'false'),        (30, 28, 'surround'),
    (31, 6,  '12000'),    (31, 35, '99'),             (31, 3,  'wireless'),     (31, 24, 'hero'),
    (32, 3,  'usb'),      (32, 9,  'compacto'),       (32, 12, 'true'),         (32, 32, 'Corsair OPX'),
    (33, 5,  '248x600x550'),(33,7, 'ATX'),            (33, 10, 'VT'),           (33, 23, 'true'),
    (34, 6,  '18000'),    (34, 35, '119'),            (34, 3,  'usb'),          (34, 24, 'PWM 3391'),
    (35, 17, '16'),       (35, 18, 'DDR4'),           (35, 38, '3200'),         (35, 39, '16 CL'),
    (36, 5,  '304x374x469'),(36,7, 'M-ATX'),          (36, 10, 'VT'),           (36, 23, 'false'),
    (37, 5,  '320x470x470'),(37,7, 'ATX'),            (37, 10, 'VT'),           (37, 23, 'true'),
    (38, 5,  '320x470x470'),(38,7, 'ATX'),            (38, 10, 'VT'),           (38, 23, 'true'),
    (39, 5,  '240x472x439'),(39,7, 'M-ATX'),          (39, 10, 'VT'),           (39, 23, 'false'),
    (40, 3,  'USB C'),    (40, 10, 'Plástico'),        (40, 23, 'false'),        (40, 33, 'Magnético'),
    (41, 5,  '285x462x456'),(41,7, 'ATX'),            (41, 10, 'VT'),           (41, 23, 'false'),
    (42, 3,  'USB A'),    (42, 9,  'completo'),        (42, 12, 'false'),        (42, 32, 'Whisper Quiet'),
    (43, 5,  '400x900'),  (43, 10, 'Tela'),            (43, 25, 'XL'),           (43, 31, 'Deslizante'),
    (44, 3,  'wireless'), (44, 14, 'true'),            (44, 23, 'false'),        (44, 28, 'surround'),
    (45, 6,  '18000'),    (45, 35, '89'),              (45, 3,  'wireless'),     (45, 24, 'Óptico'),
    (46, 3,  'USB A'),    (46, 9,  'compacto'),        (46, 12, 'false'),        (46, 32, 'Whisper Quiet'),
    (47, 5,  '420x880'),  (47, 10, 'Tela'),            (47, 25, 'XL'),           (47, 31, 'Deslizante'),
    (48, 3,  'wireless'), (48, 23, 'false'),           (48, 52, 'true'),         (48, 53, 'PC'),
    (49, 10, 'Acero'),    (49, 11, '139'),             (49, 19, '152'),
    (50, 3,  'USB C'),    (50, 23, 'false'),           (50, 52, 'true'),         (50, 53, 'Xbox'),
    (51, 3,  'USB C'),    (51, 14, 'true'),            (51, 23, 'false'),        (51, 28, 'virtual'),
    (52, 3,  'AUX'),      (52, 14, 'true'),            (52, 23, 'false'),        (52, 28, 'virtual'),
    (53, 3,  'USB C'),    (53, 10, 'Plástico'),        (53, 23, 'false'),        (53, 33, 'Cargador'),
    (54, 15, 'VA'),       (54, 21, '180'),             (54, 22, '1920x1080'),    (54, 26, '27'),
    (55, 29, '1000'),     (55, 30, 'SSD'),             (55, 42, '14800'),        (55, 43, '13400'),
    (56, 4,  'Intel Core i3 1315U'),(56,17,'8'),       (56, 18, 'DDR4'),         (56, 29, '512'),  (56, 30, 'SSD');

-- Specs por categoría
INSERT INTO category_specs (category_id, spec_id, data_type) VALUES
    (2,  1,  'string'),  (2,  27, 'string'),  (2,  36, 'number'),  (2,  38, 'number'),
    (3,  1,  'string'),  (3,  27, 'string'),  (3,  36, 'number'),  (3,  38, 'number'),
    (5,  1,  'string'),  (5,  13, 'string'),  (5,  20, 'number'),  (5,  34, 'number'),
    (6,  1,  'string'),  (6,  13, 'string'),  (6,  20, 'number'),  (6,  34, 'number'),
    (7,  1,  'string'),  (7,  13, 'string'),  (7,  20, 'number'),  (7,  34, 'number'),
    (9,  17, 'number'),  (9,  18, 'string'),  (9,  38, 'number'),  (9,  39, 'string'),
    (10, 17, 'number'),  (10, 18, 'string'),  (10, 38, 'number'),  (10, 39, 'string'),
    (12, 3,  'string'),  (12, 29, 'number'),  (12, 30, 'string'),  (12, 40, 'number'),
    (13, 29, 'number'),  (13, 30, 'string'),  (13, 40, 'number'),  (13, 41, 'number'),
    (14, 29, 'number'),  (14, 30, 'string'),  (14, 42, 'number'),  (14, 43, 'number'),
    (16, 2,  'string'),  (16, 7,  'string'),  (16, 18, 'string'),  (16, 27, 'string'),
    (17, 2,  'string'),  (17, 7,  'string'),  (17, 18, 'string'),  (17, 27, 'string'),
    (18, 2,  'string'),  (18, 7,  'string'),  (18, 18, 'string'),  (18, 27, 'string'),
    (20, 3,  'string'),  (20, 23, 'boolean'), (20, 40, 'number'),  (20, 44, 'number'),
    (21, 27, 'string'),  (21, 33, 'string'),  (21, 40, 'number'),  (21, 45, 'number'),
    (22, 33, 'string'),  (22, 35, 'number'),  (22, 46, 'number'),  (22, 47, 'number'),
    (24, 7,  'string'),  (24, 48, 'number'),  (24, 49, 'string'),  (24, 50, 'boolean'),
    (26, 5,  'string'),  (26, 7,  'string'),  (26, 10, 'string'),  (26, 23, 'boolean'),
    (27, 3,  'string'),  (27, 10, 'string'),  (27, 23, 'boolean'), (27, 33, 'string'),
    (29, 10, 'string'),  (29, 11, 'number'),  (29, 19, 'number'),
    (31, 3,  'string'),  (31, 14, 'boolean'), (31, 23, 'boolean'), (31, 28, 'string'),
    (32, 3,  'string'),  (32, 9,  'string'),  (32, 12, 'boolean'), (32, 32, 'string'),
    (33, 3,  'string'),  (33, 6,  'number'),  (33, 24, 'string'),  (33, 35, 'number'),
    (34, 3,  'string'),  (34, 14, 'boolean'), (34, 22, 'string'),  (34, 51, 'number'),
    (35, 3,  'string'),  (35, 23, 'boolean'), (35, 52, 'boolean'), (35, 53, 'string'),
    (36, 5,  'string'),  (36, 10, 'string'),  (36, 25, 'string'),  (36, 31, 'string'),
    (37, 3,  'string'),  (37, 8,  'string'),  (37, 23, 'boolean'), (37, 28, 'string'),
    (38, 3,  'string'),  (38, 8,  'string'),  (38, 16, 'string'),  (38, 33, 'string'),
    (39, 3,  'string'),  (39, 52, 'boolean'), (39, 53, 'string'),  (39, 54, 'number'),
    (40, 17, 'number'),  (40, 22, 'string'),  (40, 29, 'number'),  (40, 30, 'string'),
    (42, 15, 'string'),  (42, 21, 'number'),  (42, 22, 'string'),  (42, 26, 'number'),
    (44, 4,  'string'),  (44, 17, 'number'),  (44, 18, 'string'),  (44, 29, 'number'),  (44, 30, 'string');

-- ============================================================
--  Fin del script
-- ============================================================
